{"count":1,"self":4124.3262976,"total":18266.1928835,"children":{"InitializeActuators":{"count":14,"self":0.0015095,"total":0.0015095,"children":null},"InitializeSensors":{"count":14,"self":0.0030233,"total":0.0030233,"children":null},"AgentSendState":{"count":2721085,"self":3438.5309696,"total":3688.0904164,"children":{"CollectObservations":{"count":38084043,"self":57.497107199999995,"total":57.4971099,"children":null},"WriteActionMask":{"count":38084043,"self":12.0599168,"total":12.0599171,"children":null},"RequestDecision":{"count":38084043,"self":37.5808864,"total":180.0023014,"children":{"AgentInfo.ToProto":{"count":13598374,"self":19.508022399999998,"total":142.4214154,"children":{"GenerateSensorData":{"count":13598374,"self":100.3873728,"total":122.91339219999999,"children":{"RayPerceptionSensor.Perceive":{"count":13598374,"self":22.5260176,"total":22.526018,"children":null}}}}}}}}},"DecideAction":{"count":2721085,"self":10119.593164799999,"total":10392.9042458,"children":{"RayPerceptionSensor.Perceive":{"count":24485669,"self":273.3108736,"total":273.3108822,"children":null}}},"AgentAct":{"count":2721085,"self":60.6130048,"total":60.6130028,"children":null},"AgentInfo.ToProto":{"count":13982,"self":0.0608272,"total":0.2522321,"children":{"GenerateSensorData":{"count":13982,"self":0.1560548,"total":0.1914049,"children":{"RayPerceptionSensor.Perceive":{"count":13982,"self":0.035350099999999995,"total":0.035350099999999995,"children":null}}}}}},"gauges":{"MotorcycleAI.CumulativeReward":{"count":24894,"max":945.5298,"min":-19.8961868,"runningAverage":50.98535,"value":188.782349,"weightedAverage":160.625015}},"metadata":{"timer_format_version":"0.1.0","start_time_seconds":"1760634627","unity_version":"6000.1.17f1","command_line_arguments":"C:\\Program Files\\Unity\\Hub\\Editor\\6000.1.17f1\\Editor\\Unity.exe -projectpath D:\\RegRedirect\\akaike\\Desktop\\RA-MotoTechno_3 -acceptSoftwareTermsForThisRunOnly -useHub -hubIPC -cloudEnvironment production","communication_protocol_version":"1.5.0","com.unity.ml-agents_version":"4.0.0","scene_name":"SpielBerg_ML_Train","end_time_seconds":"1760652894"}}