{"count":1,"self":187.57296639999998,"total":1309.4039799,"children":{"InitializeActuators":{"count":14,"self":0.001,"total":0.001,"children":null},"InitializeSensors":{"count":14,"self":0.0035570999999999997,"total":0.0035570999999999997,"children":null},"AgentSendState":{"count":200067,"self":254.14940159999998,"total":271.0771204,"children":{"CollectObservations":{"count":2800466,"self":4.064732,"total":4.0647318,"children":null},"WriteActionMask":{"count":2800466,"self":0.81505089999999991,"total":0.81505089999999991,"children":null},"RequestDecision":{"count":2800466,"self":2.6525084,"total":12.047928899999999,"children":{"AgentInfo.ToProto":{"count":1000129,"self":1.2225568,"total":9.3954205,"children":{"GenerateSensorData":{"count":1000129,"self":6.6463848,"total":8.1728636999999988,"children":{"RayPerceptionSensor.Perceive":{"count":1000129,"self":1.526479,"total":1.526479,"children":null}}}}}}}}},"DecideAction":{"count":200067,"self":827.8387712,"total":846.19513309999991,"children":{"RayPerceptionSensor.Perceive":{"count":1800337,"self":18.3563776,"total":18.3563772,"children":null}}},"AgentAct":{"count":200067,"self":4.5481767999999994,"total":4.5481767999999994,"children":null},"AgentInfo.ToProto":{"count":474,"self":0.0005143,"total":0.0050272,"children":{"GenerateSensorData":{"count":474,"self":0.0020025999999999998,"total":0.0045128999999999994,"children":{"RayPerceptionSensor.Perceive":{"count":474,"self":0.0025103,"total":0.0025103,"children":null}}}}}},"gauges":{"MotorcycleAI.CumulativeReward":{"count":1193,"max":715.676147,"min":-3.15645766,"runningAverage":80.7064743,"value":-0.9874302,"weightedAverage":6.10257864}},"metadata":{"timer_format_version":"0.1.0","start_time_seconds":"1760657163","unity_version":"6000.1.17f1","command_line_arguments":"C:\\Program Files\\Unity\\Hub\\Editor\\6000.1.17f1\\Editor\\Unity.exe -projectpath E:\\ProfileRedirect\\akaike\\Desktop\\RA-MotoTechno_3 -acceptSoftwareTermsForThisRunOnly -useHub -hubIPC -cloudEnvironment production","communication_protocol_version":"1.5.0","com.unity.ml-agents_version":"4.0.0","scene_name":"SpielBerg_ML_Train","end_time_seconds":"1760658473"}}