{
    "name": "root",
    "gauges": {
        "MotorcycleAI.Policy.Entropy.mean": {
            "value": 1.1031312942504883,
            "min": 1.103110432624817,
            "max": 1.474316954612732,
            "count": 500
        },
        "MotorcycleAI.Policy.Entropy.sum": {
            "value": 11042.3447265625,
            "min": 10959.8291015625,
            "max": 14815.662109375,
            "count": 500
        },
        "MotorcycleAI.Environment.EpisodeLength.mean": {
            "value": 5204.0,
            "min": 55.84722222222222,
            "max": 8044.0,
            "count": 489
        },
        "MotorcycleAI.Environment.EpisodeLength.sum": {
            "value": 5204.0,
            "min": 599.0,
            "max": 31460.0,
            "count": 489
        },
        "MotorcycleAI.Step.mean": {
            "value": 4999984.0,
            "min": 9981.0,
            "max": 4999984.0,
            "count": 500
        },
        "MotorcycleAI.Step.sum": {
            "value": 4999984.0,
            "min": 9981.0,
            "max": 4999984.0,
            "count": 500
        },
        "MotorcycleAI.Policy.ExtrinsicValueEstimate.mean": {
            "value": 3.495753765106201,
            "min": -0.0591563805937767,
            "max": 3.548762559890747,
            "count": 500
        },
        "MotorcycleAI.Policy.ExtrinsicValueEstimate.sum": {
            "value": 1094.1708984375,
            "min": -25.082305908203125,
            "max": 1110.7626953125,
            "count": 500
        },
        "MotorcycleAI.Environment.CumulativeReward.mean": {
            "value": 184.38272760808468,
            "min": -1.0167442481499165,
            "max": 278.58569288253784,
            "count": 489
        },
        "MotorcycleAI.Environment.CumulativeReward.sum": {
            "value": 184.38272760808468,
            "min": -71.17209737049416,
            "max": 1111.6199363023043,
            "count": 489
        },
        "MotorcycleAI.Policy.ExtrinsicReward.mean": {
            "value": 184.38272760808468,
            "min": -1.0167442481499165,
            "max": 278.58569288253784,
            "count": 489
        },
        "MotorcycleAI.Policy.ExtrinsicReward.sum": {
            "value": 184.38272760808468,
            "min": -71.17209737049416,
            "max": 1111.6199363023043,
            "count": 489
        },
        "MotorcycleAI.IsTraining.mean": {
            "value": 1.0,
            "min": 1.0,
            "max": 1.0,
            "count": 500
        },
        "MotorcycleAI.IsTraining.sum": {
            "value": 1.0,
            "min": 1.0,
            "max": 1.0,
            "count": 500
        },
        "MotorcycleAI.Losses.PolicyLoss.mean": {
            "value": 0.04094214765354991,
            "min": 0.025032404754650392,
            "max": 0.04424537152905638,
            "count": 487
        },
        "MotorcycleAI.Losses.PolicyLoss.sum": {
            "value": 0.04094214765354991,
            "min": 0.025032404754650392,
            "max": 0.04424537152905638,
            "count": 487
        },
        "MotorcycleAI.Losses.ValueLoss.mean": {
            "value": 0.02733189125234882,
            "min": 0.0025129471701802685,
            "max": 0.08663075845688581,
            "count": 487
        },
        "MotorcycleAI.Losses.ValueLoss.sum": {
            "value": 0.02733189125234882,
            "min": 0.0025129471701802685,
            "max": 0.08663075845688581,
            "count": 487
        },
        "MotorcycleAI.Policy.LearningRate.mean": {
            "value": 1.5849994719999185e-07,
            "min": 1.5849994719999185e-07,
            "max": 0.0002993838602053799,
            "count": 487
        },
        "MotorcycleAI.Policy.LearningRate.sum": {
            "value": 1.5849994719999185e-07,
            "min": 1.5849994719999185e-07,
            "max": 0.0002993838602053799,
            "count": 487
        },
        "MotorcycleAI.Policy.Epsilon.mean": {
            "value": 0.10005280000000004,
            "min": 0.10005280000000004,
            "max": 0.19979462000000003,
            "count": 487
        },
        "MotorcycleAI.Policy.Epsilon.sum": {
            "value": 0.10005280000000004,
            "min": 0.10005280000000004,
            "max": 0.19979462000000003,
            "count": 487
        },
        "MotorcycleAI.Policy.Beta.mean": {
            "value": 1.0258719999999992e-05,
            "min": 1.0258719999999992e-05,
            "max": 0.000498993638,
            "count": 487
        },
        "MotorcycleAI.Policy.Beta.sum": {
            "value": 1.0258719999999992e-05,
            "min": 1.0258719999999992e-05,
            "max": 0.000498993638,
            "count": 487
        }
    },
    "metadata": {
        "timer_format_version": "0.1.0",
        "start_time_seconds": "1760631008",
        "python_version": "3.10.11 (tags/v3.10.11:7d4cc5a, Apr  5 2023, 00:38:17) [MSC v.1929 64 bit (AMD64)]",
        "command_line_arguments": "D:\\RegRedirect\\akaike\\AppData\\Local\\Packages\\PythonSoftwareFoundation.Python.3.10_qbz5n2kfra8p0\\LocalCache\\local-packages\\Python310\\Scripts\\mlagents-learn motorcycle_config.yaml --run-id=MotorcycleRun01 --force",
        "mlagents_version": "1.1.0",
        "mlagents_envs_version": "1.1.0",
        "communication_protocol_version": "1.5.0",
        "pytorch_version": "2.8.0+cpu",
        "numpy_version": "1.23.5",
        "end_time_seconds": "1760634118"
    },
    "total": 3109.1982377999957,
    "count": 1,
    "self": 0.0049217999912798405,
    "children": {
        "run_training.setup": {
            "total": 0.10823320000781678,
            "count": 1,
            "self": 0.10823320000781678
        },
        "TrainerController.start_learning": {
            "total": 3109.0850827999966,
            "count": 1,
            "self": 6.043817399346153,
            "children": {
                "TrainerController._reset_env": {
                    "total": 13.08223500000895,
                    "count": 1,
                    "self": 13.08223500000895
                },
                "TrainerController.advance": {
                    "total": 3089.928214800646,
                    "count": 500454,
                    "self": 5.599240008188644,
                    "children": {
                        "env_step": {
                            "total": 2252.799457400033,
                            "count": 500454,
                            "self": 1936.490038796168,
                            "children": {
                                "SubprocessEnvManager._take_step": {
                                    "total": 312.5322710034234,
                                    "count": 500454,
                                    "self": 19.412687105024816,
                                    "children": {
                                        "TorchPolicy.evaluate": {
                                            "total": 293.11958389839856,
                                            "count": 500454,
                                            "self": 293.11958389839856
                                        }
                                    }
                                },
                                "workers": {
                                    "total": 3.777147600441822,
                                    "count": 500454,
                                    "self": 0.0,
                                    "children": {
                                        "worker_root": {
                                            "total": 3089.105530695204,
                                            "count": 500454,
                                            "is_parallel": true,
                                            "self": 1521.6215116943204,